month,sales,ma_3
2010-12,823746.14,
2011-01,691364.56,
2011-02,523631.89,679580.8633333334
2011-03,717639.36,644211.9366666666
2011-04,537808.621,593026.6236666668
2011-05,770536.02,675328.0003333334
2011-06,761739.9,690028.1803333334
2011-07,719221.191,750499.037
2011-08,759138.38,746699.8236666666
2011-09,1058590.172,845649.9143333333
2011-10,1154979.3,990902.6173333334
2011-11,1509496.33,1241021.9340000001
